Recency,Frequency,Monetary
326,1,77183.6
2,7,4310.0
75,4,1797.24
19,1,1757.55
310,1,334.4
36,8,2506.04
204,1,89.0
232,1,1079.4
214,1,459.4
23,3,2811.43
33,1,6207.67
2,2,1168.06
58,4,6310.03
52,3,2662.06
287,1,189.9
3,10,5226.23
110,2,552.0
8,4,1313.1
291,2,641.38
4,1,168.9
51,4,3541.94
45,2,1887.96
72,3,1298.04
311,1,364.6
25,1,742.9300000000001
11,2,457.5
315,2,1628.12
130,1,4008.62
82,2,852.24
22,4,2724.81
5,5,1845.31
185,5,1850.56
29,2,585.27
338,2,401.9
16,6,2780.66
80,1,549.84
22,1,439.66
72,4,1582.6000000000001
64,2,1272.48
19,12,3018.63
36,2,2409.9
46,1,1635.6599999999999
119,4,1108.65
303,1,84.3
323,1,225.6
50,1,427.7
149,1,1710.39
22,2,3415.3
50,5,1708.1200000000001
33,5,2888.55
79,3,11072.67
309,2,693.3299999999999
75,3,1226.88
67,3,758.1
217,3,562.41
24,21,124914.53
3,9,3649.1
113,1,668.58
64,1,600.39
16,4,807.04
96,3,803.5600000000001
1,8,1859.31
163,2,1760.96
78,1,777.2
195,1,582.73
22,3,825.8
26,9,7956.46
9,4,3750.4
43,1,256.4
36,15,6419.95
43,5,5059.32
1,7,13375.87
85,2,806.14
80,2,7829.89
100,1,509.01
2,18,4951.41
14,2,2906.85
367,1,173.55
3,1,172.06
21,5,5005.46
22,1,133.4
58,1,1002.3100000000001
243,1,476.49
44,1,449.45
22,4,4067.29
156,2,197.88
11,5,9035.52
17,2,430.57
134,1,707.09
56,1,3528.34
73,6,2466.86
44,3,3181.04
66,7,2363.23
71,2,947.4
94,2,826.88
19,2,1189.59
53,4,1344.78
10,8,1212.05
17,2,742.1899999999999
188,2,729.5400000000001
2,30,19788.65
32,7,6572.11
29,5,3928.0499999999997
17,18,7324.09
54,1,723.38
16,11,6816.42
23,6,13219.74
4,1,680.99
11,1,527.2
28,4,3281.63
23,10,5579.82
17,8,2484.98
33,6,4527.32
10,3,1298.66
336,1,334.93
5,10,5417.93
39,1,460.40000000000003
63,2,263.21000000000004
166,2,433.74
16,7,1246.1000000000001
82,1,1043.1
21,3,403.70000000000005
23,11,4257.82
337,1,2169.39
96,5,3723.87
18,2,482.04999999999995
233,1,73.5
134,3,1304.81
26,2,397.88
284,1,176.5
143,2,982.5699999999999
66,2,132.18
113,1,612.29
267,1,1017.68
353,1,383.7
78,2,1312.06
28,5,2481.6
1,5,2056.89
64,1,330.84
79,5,2634.26
143,1,599.68
39,2,192.72
19,11,1789.77
9,8,4485.72
1,3,1316.66
82,3,348.71000000000004
9,6,1933.48
60,4,1662.28
15,1,125.22
30,1,349.83000000000004
131,1,1089.18
92,2,716.35
43,3,12601.830000000002
29,1,363.95
22,4,5568.35
20,17,13400.24
30,3,981.18
36,1,372.7
75,2,1000.39
47,2,1161.5
198,2,207.79999999999998
166,1,95.19999999999999
79,1,964.83
358,1,168.0
39,2,437.82
8,10,3692.28
50,2,599.56
16,5,11990.960000000001
8,1,269.96
311,2,561.71
5,3,2134.01
303,1,238.85
8,7,3781.7400000000002
261,1,456.9
289,1,145.92
86,1,351.65
23,10,9401.28
2,32,4124.69
40,2,519.61
9,2,1020.42
227,1,160.54000000000002
316,1,218.45
36,5,1315.83
35,3,626.6
21,2,2794.51
78,1,440.42
247,1,415.7
40,1,197.71
239,2,511.36
3,15,7281.38
4,9,2338.15
234,2,2040.1
17,1,196.94000000000003
8,1,144.0
39,1,214.89999999999998
29,2,646.68
211,2,9864.26
317,1,452.84999999999997
92,2,437.6
109,3,418.09999999999997
38,10,3338.2200000000003
51,2,618.27
19,4,3811.22
10,8,3023.08
29,7,1032.58
29,10,2599.04
190,5,577.0600000000001
59,1,153.12
22,1,739.1999999999999
79,2,254.18
60,1,1579.51
78,3,1126.85
23,5,2099.54
52,1,1193.32
74,1,704.0400000000001
57,5,3344.38
278,1,315.6
2,4,2291.19
95,2,713.3
29,1,352.98
22,1,177.31
16,9,3641.24
15,3,1339.41
2,20,13689.67
232,1,180.1
276,1,305.1
106,2,641.13
212,2,2683.82
23,9,6620.48
11,7,4478.53
4,3,786.46
10,2,1270.88
57,1,640.5
59,4,2163.98
90,2,1689.18
67,8,6002.9
33,1,671.69
239,1,486.1
24,3,1174.58
115,1,185.9
25,3,1013.26
128,6,3344.64
130,1,477.91
34,4,1775.18
5,2,1346.97
22,12,3722.82
155,1,318.05
107,3,623.51
3,1,314.44
335,1,114.0
331,1,919.98
149,2,2209.85
11,5,601.98
17,5,4051.17
11,4,1643.18
19,1,686.05
30,1,91.68
11,1,245.1
1,11,3849.78
8,9,4881.88
325,1,63.0
58,1,620.13
12,4,3807.15
151,3,2744.0299999999997
10,5,2996.05
330,1,225.89999999999998
5,2,610.52
39,4,1970.6
25,6,1331.39
42,12,17628.46
59,4,1113.02
1,4,862.81
15,22,13787.54
4,31,12279.82
4,15,8476.57
8,7,2283.63
28,6,2863.08
372,1,89.14
114,1,4873.8099999999995
26,2,1247.61
206,1,389.01
28,6,1035.8
127,4,855.91
70,2,869.67
7,4,582.1
29,3,957.59
8,4,4939.99
80,2,797.71
20,1,219.0
71,1,283.55
7,8,2340.84
15,9,6868.29
292,1,603.42
30,10,2712.91
15,15,9706.52
97,3,1149.02
29,13,4396.13
1,1,848.55
9,5,4708.86
106,1,343.36
4,2,1053.49
151,2,1030.98
71,1,238.25
5,2,644.95
3,25,5781.73
32,6,2656.13
85,4,997.63
4,5,725.07
5,4,1031.41
371,1,427.8
28,7,2609.1
11,7,3980.7
71,4,836.33
114,1,453.01
24,12,18895.91
180,1,236.26000000000002
234,1,383.95
353,1,110.39999999999999
315,2,779.5699999999999
333,1,234.0
372,1,155.35
78,2,1013.04
64,1,427.6
134,2,540.13
52,7,21279.29
2,11,4196.01
1,209,33053.19
4,5,4090.88
129,1,275.88
81,1,4366.78
23,6,21429.39
236,3,3010.74
281,2,3811.95
87,1,112.07999999999998
16,13,7834.650000000001
117,2,2791.59
52,3,1531.44
8,2,1898.52
138,2,494.08
317,1,1693.88
4,7,6989.63
239,1,1143.6
211,1,1351.45
60,1,892.47
17,5,1386.04
20,6,822.23
38,8,3981.36
64,2,826.74
5,5,2330.92
2,6,2225.91
9,2,532.8199999999999
364,1,311.95
10,3,463.66
65,1,91.85
192,1,324.92
374,1,192.60000000000002
257,1,400.53999999999996
335,2,545.48
53,2,860.41
19,1,430.48
366,1,254.03
10,3,6977.04
187,1,427.58
37,3,483.65000000000003
178,1,489.31
261,3,514.85
45,1,229.64000000000001
102,1,125.92
148,2,1063.46
96,2,572.2
281,1,166.04
262,1,1542.08
3,4,942.34
214,1,92.72
71,2,948.88
75,5,1759.5
60,1,397.12
3,7,1474.72
6,3,430.15000000000003
3,6,1018.71
337,2,293.0
38,6,6814.64
262,1,215.05
32,2,383.03
145,1,417.38
283,1,312.38
59,4,2610.36
173,1,134.1
34,2,671.95
3,14,5591.42
144,4,2726.77
5,25,3991.58
70,2,1118.99
66,8,1702.26
29,2,325.96000000000004
267,4,354.09
22,1,843.64
31,2,1010.29
97,1,131.81
295,1,311.55
135,6,1957.1000000000001
79,3,1316.25
373,1,38.1
8,6,2170.78
211,2,1106.4
52,1,521.2
138,1,147.12
26,2,1568.23
283,1,559.12
26,7,4009.34
186,6,1607.0600000000002
84,2,380.64
327,2,599.97
282,1,374.0
143,2,343.2300000000001
58,2,2218.02
4,12,1535.77
236,2,854.99
45,3,573.22
276,1,298.0
9,2,1463.04
25,4,703.47
88,1,309.05
63,3,1175.22
68,2,1378.4
214,2,354.12
24,1,376.71999999999997
186,3,331.0
31,1,176.55
42,2,372.8
205,2,216.5
9,28,17654.54
265,1,138.68
18,2,496.06
12,5,2919.81
176,2,750.0
40,5,2178.67
23,8,3075.04
3,5,1662.3
5,5,2483.63
149,2,363.65
139,4,2944.95
128,1,594.0
8,6,1335.19
17,1,162.78
9,37,16587.09
161,1,405.38
64,1,172.82
88,4,933.7
5,2,694.05
35,5,2062.7000000000003
312,1,117.85
78,2,415.8
22,15,42055.96
24,3,607.53
2,7,2160.7
17,4,1063.9
15,4,1504.27
26,1,114.14
64,8,11581.8
55,2,899.69
131,3,675.6
36,2,604.51
288,1,462.95
144,6,1603.99
16,7,2064.95
31,8,4167.22
2,3,1843.0
9,6,1064.07
6,4,1387.79
10,1,329.85
1,11,4757.16
306,1,108.07
10,8,4017.54
7,2,266.39
8,8,1856.63
89,1,769.8100000000001
10,1,160.18
358,2,1660.9
112,1,135.95
7,4,405.47
4,86,11189.91
198,1,144.8
212,1,738.6
156,1,39.239999999999995
158,9,7374.900000000001
30,2,372.21999999999997
243,1,390.54
19,1,97.5
1,2,1239.38
74,2,558.7
292,1,505.82
3,15,6924.110000000001
31,3,409.5
23,2,503.76
23,4,414.76
4,3,974.4200000000001
85,1,211.32
22,4,1226.89
196,3,455.88
107,3,534.85
4,13,9785.970000000001
318,1,120.94999999999999
106,3,149.05
12,18,5655.91
174,2,513.7
56,1,81.57
323,1,229.46999999999997
372,1,50.550000000000004
9,8,1646.8400000000001
1,13,4810.9400000000005
11,10,3466.2799999999997
53,5,3339.64
73,3,789.89
7,1,204.0
16,28,7277.7
4,9,2616.38
64,2,689.9
1,5,975.36
114,6,6912.0
23,2,661.3199999999999
31,3,1247.5
11,2,752.4399999999999
52,2,1010.18
357,1,190.55
55,2,642.77
74,2,921.88
138,3,881.07
80,3,908.46
9,2,676.99
273,1,516.42
291,1,560.47
99,1,305.28000000000003
31,2,629.31
32,10,3237.54
14,4,1819.41
64,2,656.6800000000001
15,17,5836.86
212,1,348.15000000000003
78,3,1214.41
25,3,271.40000000000003
250,1,183.4
254,1,307.53
72,1,248.61
191,1,346.98
13,4,1105.59
373,1,205.86
24,2,470.8
82,1,115.46000000000001
10,2,344.0
1,24,4431.44
192,1,228.8
267,1,177.15
130,1,919.61
1,4,728.02
3,26,12627.94
4,5,220.10000000000002
179,1,58.08
12,11,28337.38
126,9,3613.63
4,2,303.75
158,2,416.08000000000004
3,97,58762.08
9,14,8910.82
28,1,345.82
71,5,477.83
276,8,7832.47
21,12,1927.3200000000002
71,1,74.39999999999999
33,10,6003.22
1,28,28882.44
99,1,207.35999999999999
234,1,101.19
1,24,6424.09
40,1,243.94
3,6,1098.48
133,1,76.5
44,4,1531.6200000000001
373,1,350.06
60,2,786.54
31,7,1488.67
1,24,12245.960000000001
12,4,2294.78
138,1,501.14
22,8,984.91
20,5,1197.81
239,1,30.599999999999998
269,1,283.73
94,2,922.39
90,3,3756.33
5,8,2099.64
78,1,259.17
94,1,64.0
23,3,1073.3
262,1,77.3
274,2,109.8
86,4,1793.58
197,1,3096.0
56,5,2607.61
11,8,3603.29
22,6,962.39
16,7,5064.94
108,3,422.47
85,5,2388.75
19,1,307.09
333,1,110.95
40,4,618.52
26,1,228.91
10,4,712.8000000000001
29,12,3683.26
14,4,1676.06
296,1,1257.8700000000001
6,1,486.22
33,4,971.76
49,4,1741.22
95,4,1201.06
9,4,1429.35
22,1,91.8
313,1,112.75
122,4,1688.29
46,2,1021.48
283,1,417.2
19,4,791.33
36,4,1299.59
64,2,712.88
27,1,108.81
22,3,468.41
4,2,353.65
16,3,2742.82
46,1,481.49
65,1,282.45
26,11,5725.47
45,1,121.18
8,9,3957.78
15,10,1668.95
268,1,71.4
40,3,1575.89
337,1,236.02
11,1,114.60000000000001
19,2,260.68
95,2,911.94
61,1,112.08
136,1,60.7
11,4,1797.78
10,6,3401.2400000000002
4,38,9817.12
19,4,870.09
10,4,869.46
15,2,250.26000000000002
59,6,1217.65
30,8,5891.61
94,1,353.48
10,3,1095.42
20,3,786.83
57,5,1520.58
268,1,333.74
122,3,533.98
127,1,62.63999999999999
78,4,819.2900000000001
240,2,847.41
200,2,163.20000000000002
60,2,2155.95
3,7,6463.84
273,1,108.21000000000001
202,1,257.7
81,1,358.0
226,1,160.95
4,14,2755.63
13,7,1328.35
74,2,605.12
212,1,1031.07
25,2,744.85
17,4,700.73
262,1,329.56
96,4,663.65
112,3,270.40000000000003
203,1,585.12
93,1,121.74000000000001
51,1,430.5
18,6,1961.52
18,4,501.12
125,2,465.68
92,3,711.41
157,2,1030.4
9,2,399.51
12,3,672.83
62,1,283.18
61,1,557.62
269,2,944.1
263,1,200.29
1,35,7436.93
53,5,2092.66
11,12,3834.2599999999998
3,19,4521.49
18,11,3174.75
1,15,5343.28
366,1,590.0
37,1,211.49
31,2,276.56
113,1,138.98
64,2,590.9300000000001
16,4,258.4
41,1,542.73
78,1,137.75
122,3,798.46
18,3,1132.14
60,2,93.66
331,1,201.19
23,4,2709.12
156,1,361.11
39,2,578.9399999999999
190,2,873.74
360,1,201.20000000000002
137,1,87.4
8,4,2089.85
1,1,360.0
268,1,142.5
169,1,371.89
104,4,618.09
155,1,63.75
351,1,300.42
4,10,2000.86
120,1,15.0
23,3,1385.51
7,5,1456.79
28,3,1132.03
4,2,598.57
22,5,1555.32
2,3,775.94
37,4,5732.93
66,6,2273.68
1,3,640.76
5,26,10845.550000000001
78,4,1532.2
72,2,567.36
17,1,199.48000000000002
3,5,787.85
36,10,7121.95
82,1,675.3
39,8,3627.77
316,1,1308.48
32,2,789.0
93,3,1140.93
14,1,350.9
82,3,3502.32
77,1,795.12
158,1,487.02
201,1,860.12
45,7,10736.48
261,1,775.85
178,1,353.43
68,3,2511.69
288,1,389.5
70,1,341.36
64,1,233.76
11,1,247.32
16,2,979.12
66,1,373.94
60,1,397.97999999999996
71,1,743.53
122,1,674.7
80,1,768.24
257,1,609.4
269,1,439.03
64,1,439.56
9,4,3090.7400000000002
18,2,992.5
71,1,134.95999999999998
34,2,2225.37
50,1,56.160000000000004
257,2,623.4
366,1,308.28000000000003
372,1,754.87
90,1,378.64
61,3,3312.25
89,1,778.65
99,3,1019.76
26,3,572.56
32,6,3639.31
281,1,222.99
31,7,4151.93
330,1,534.57
131,2,677.1
11,3,797.96
75,1,544.08
204,1,59.8
2,8,2520.02
185,1,307.72
29,2,1360.99
73,5,1544.13
192,1,457.34
127,2,621.23
18,1,75.0
1,2,252.49
74,3,572.451
2,62,28117.04
24,5,1003.06
107,1,213.55
134,3,1390.5
44,2,712.5
5,2,640.83
12,18,6127.43
64,1,221.06
150,2,159.85
40,2,1833.71
64,1,2626.3
108,3,1624.21
1,10,3641.32
19,3,582.6
10,1,201.78
11,4,1006.8
19,2,679.45
67,2,1269.1
74,2,534.24
5,7,3809.8900000000003
2,1,196.89
14,7,3408.06
255,1,283.71
92,1,296.64
23,3,1129.14
17,6,3534.69
24,1,291.88
27,6,2043.7199999999998
26,5,2898.2599999999998
259,2,590.0
166,2,356.97999999999996
25,2,1058.34
18,6,1766.72
7,14,9646.57
29,2,183.44
39,3,1445.0
253,1,151.5
58,1,674.68
184,1,307.9
11,2,1071.91
2,37,5704.97
99,2,165.0
1,4,2501.84
61,2,422.64
236,1,226.84
191,4,1431.78
179,2,1238.47
38,6,1454.58
201,2,300.95
46,5,1804.56
232,1,184.64
66,1,140.34
241,1,313.8
233,1,454.24
78,3,1122.41
58,3,575.4
17,13,8968.31
105,4,449.52
52,10,1215.82
136,3,1269.84
275,2,618.63
312,1,316.26000000000005
8,5,2044.8700000000001
11,2,653.33
283,2,348.05
18,5,1159.11
23,3,1166.77
288,1,1340.32
17,3,292.0
71,1,216.85
64,1,295.93
73,4,4393.63
316,2,458.52
3,4,2479.16
244,1,110.97
9,7,979.72
1,4,1791.56
261,1,251.21
127,1,205.1
74,1,152.20000000000002
73,4,891.12
21,3,1389.41
60,3,2128.42
86,1,627.16
78,1,122.75
59,6,3624.35
1,3,1071.73
30,1,125.80000000000001
33,5,3964.88
41,5,680.1800000000001
15,2,628.78
34,7,2242.36
79,2,307.76
205,2,483.8
34,1,210.31
183,3,269.09
2,25,5870.08
1,7,3444.39
43,7,1280.85
86,3,631.34
40,2,276.06
12,3,621.09
96,2,678.16
26,7,918.2
319,1,91.80000000000001
66,12,3740.07
74,4,4098.88
28,2,584.06
6,4,594.52
7,1,171.42000000000002
216,1,141.85999999999999
82,3,1799.33
84,2,777.53
144,3,1724.67
19,2,240.22
41,2,856.84
173,1,187.05
17,2,338.62
243,1,239.49
13,12,2088.94
206,1,1384.25
50,2,290.25
23,5,732.0699999999999
10,18,6717.34
25,4,1687.6000000000001
15,2,467.04
309,1,118.0
156,1,781.03
307,1,142.4
64,1,712.4
16,9,2478.95
15,2,379.65
11,6,1981.92
65,3,1117.13
36,4,247.95999999999998
108,5,2011.88
53,1,396.97
6,2,664.11
47,1,160.04
1,21,5149.92
312,1,219.52
45,2,693.32
65,1,428.89
26,1,164.34
29,3,276.75
40,1,675.51
12,7,1082.33
89,3,1154.4
24,4,1585.46
319,1,417.69
40,3,544.18
174,1,177.34
117,1,213.85
31,5,727.74
253,1,257.23
59,5,1638.47
23,11,7792.36
5,7,2031.78
100,11,3070.42
25,5,2118.93
33,5,1547.3600000000001
68,1,1071.03
37,5,949.12
52,3,804.3
16,1,122.64
74,1,1033.34
216,1,312.28
31,3,519.44
16,4,2624.26
120,1,252.1
10,4,1648.1200000000001
257,2,346.6
17,6,1836.34
35,2,94.2
46,3,1095.08
43,6,2707.33
114,2,932.97
165,2,379.65
11,2,382.14
10,5,2639.17
206,2,1563.0
86,3,881.26
179,1,189.47
60,3,84.65
149,1,299.05
3,21,6309.83
51,2,218.55
75,1,349.7
301,2,186.39000000000001
19,2,387.44
151,2,486.82000000000005
152,1,232.6
1,4,3719.12
18,4,827.83
187,1,59.5
286,1,65.13
3,7,3119.44
183,1,72.0
63,1,910.0
59,1,172.25
25,3,1488.32
4,50,65039.62
31,15,2504.13
39,1,151.29999999999998
155,1,308.58000000000004
26,10,2248.63
318,1,99.5
5,9,2308.06
8,3,711.86
303,1,330.79
267,2,806.41
271,1,285.33
4,13,6307.650000000001
32,1,180.48
219,2,252.06
247,1,228.84
281,5,1077.39
269,1,138.28
32,6,1445.01
246,2,306.55
15,5,1041.68
117,4,799.9
36,1,524.14
132,3,2375.41
217,1,199.85000000000002
50,8,1980.56
39,2,1079.6599999999999
29,2,333.48
37,6,1016.14
136,2,752.6
219,2,610.59
28,1,491.86
25,4,2883.54
5,2,729.8
200,1,339.59999999999997
18,1,216.9
241,1,350.75
72,3,668.4300000000001
17,12,3107.87
3,7,1341.6
95,2,1080.52
162,1,300.04
374,1,79.6
96,5,948.25
54,5,1647.26
288,1,296.25
124,6,1175.38
288,1,741.26
152,2,282.59999999999997
4,9,2108.06
2,14,5189.52
12,7,3190.55
33,2,659.4100000000001
54,2,286.79
50,2,1070.65
219,1,306.72
63,1,1714.96
71,3,1519.42
2,37,17220.36
2,10,2796.51
64,4,2634.45
34,3,1122.63
82,1,345.0
1,33,25977.16
103,1,178.7
7,2,360.01
251,1,127.84
13,6,908.86
10,11,2462.79
367,1,230.39999999999998
76,2,309.04
4,1,348.8
128,2,1516.0
66,2,195.55
1,57,37153.85
117,2,688.86
310,1,558.32
67,1,324.8
139,3,4599.42
255,1,277.07
31,7,2588.39
52,2,924.6
64,1,256.38
367,1,112.6
6,5,1747.66
305,1,155.05
29,3,1499.01
184,3,814.5
42,3,539.0
40,4,1366.8600000000001
92,2,1579.12
22,4,4027.36
24,2,571.6700000000001
29,2,382.98
302,3,1140.35
145,2,385.64
6,2,632.0
19,2,957.66
33,5,1698.94
176,1,189.5
58,3,409.8
22,1,209.49
16,6,2198.45
19,1,52.199999999999996
159,1,383.85
25,4,834.57
212,2,266.59000000000003
6,4,674.82
253,1,85.0
59,9,3385.62
11,1,361.62
65,1,312.98
25,3,865.0600000000001
92,3,1255.0
52,2,1537.95
129,1,1595.48
96,3,2651.46
57,1,1090.14
9,25,8109.5199999999995
169,3,388.5
57,1,216.17
326,1,201.16
1,5,1245.9
18,8,2209.36
248,1,305.78
58,4,501.56
74,1,145.67000000000002
31,3,1005.09
7,2,3192.54
123,4,3083.65
2,8,2770.94
23,13,6403.25
120,3,389.6
358,1,540.45
54,5,1786.79
64,1,122.7
86,1,117.24
55,1,1271.57
21,13,3219.77
4,20,17159.52
3,5,1191.13
11,5,2674.48
7,5,787.6
189,2,506.8
71,1,243.56
204,1,349.55
120,2,595.67
93,1,416.90000000000003
1,10,1883.8100000000002
27,4,632.97
298,1,821.1
24,3,564.62
28,4,2593.07
50,1,311.16
326,1,155.93
16,2,388.52
183,3,740.95
72,5,2867.2
37,2,332.64
80,4,2369.55
57,9,2580.91
12,2,626.45
50,2,272.04
50,2,1212.8400000000001
59,2,384.81
352,1,172.25
54,1,351.13
2,6,1838.8500000000001
93,4,678.25
23,1,223.85000000000002
75,1,348.99
11,4,464.57
169,2,842.65
58,2,337.34
96,2,1237.53
295,1,307.4
109,2,608.7900000000001
264,1,922.1
180,1,376.58
169,1,158.85
35,1,71.66
23,3,568.55
17,4,839.14
22,5,5112.96
79,3,561.5699999999999
65,1,90.6
361,1,102.0
3,6,2427.32
11,4,745.06
176,3,674.45
218,2,3251.071
7,7,3515.68
2,2,439.92
154,2,322.96
5,5,1019.27
79,3,594.04
21,2,230.22
22,2,169.55
308,4,664.54
146,1,80.7
7,18,9024.17
19,8,2758.26
71,2,190.25
287,1,264.7
49,1,413.59000000000003
31,6,2461.2400000000002
207,1,357.98
15,2,196.79000000000002
73,1,869.87
60,1,200.14
39,4,1871.81
30,12,2603.43
27,5,920.51
4,15,7060.13
17,1,320.46
20,6,4147.96
66,2,1266.08
213,1,311.3
12,6,852.88
30,1,76.8
43,9,3466.36
4,6,2274.14
15,5,1393.69
10,12,3901.81
211,1,635.66
46,3,2043.0800000000002
134,2,529.73
43,7,4582.64
10,5,2874.72
116,3,962.19
198,2,695.61
278,1,328.8
110,3,473.02
77,1,505.18
53,1,917.34
162,4,4341.21
47,3,1421.61
17,2,642.8
155,3,631.9
225,1,440.0
7,2,584.07
122,2,327.7
61,1,104.82
63,2,467.66
18,8,2358.84
7,19,17286.86
2,11,2975.59
22,3,648.89
29,5,1428.02
285,1,626.65
176,2,147.20000000000002
78,3,1560.38
33,1,152.2
41,12,3560.32
266,1,141.41
27,4,646.42
109,4,1659.75
284,1,154.99
9,5,1308.6100000000001
305,1,409.93
17,4,5578.72
32,2,746.36
1,23,15610.390000000001
20,1,225.36
124,2,260.25
65,1,92.46
106,1,725.6400000000001
1,23,8152.71
24,17,6211.66
267,1,183.6
5,19,6140.42
10,12,10464.85
29,5,1334.34
267,1,152.55
64,2,374.7
320,1,265.85
4,8,1437.57
32,1,151.04
5,3,942.26
129,1,118.67
41,5,499.41999999999996
102,6,1049.37
125,1,375.1
33,1,45.599999999999994
302,2,921.62
365,1,182.25
4,9,1002.9
2,18,4421.29
3,1,191.47
10,13,50491.81
57,1,158.75
325,1,76.32000000000001
8,14,4076.91
12,1,433.86
4,17,65164.79
37,1,147.35
16,11,3104.17
138,1,191.95000000000002
74,6,5976.79
5,5,1105.8799999999999
155,2,216.20999999999998
239,1,1266.23
52,7,2703.23
31,2,597.91
73,1,144.2
4,12,5683.15
14,4,692.85
23,7,2915.15
4,4,1840.42
274,2,386.53
20,5,1382.74
144,1,90.0
4,4,2780.15
84,1,419.58000000000004
11,3,2720.63
8,3,706.1300000000001
123,3,709.71
61,2,637.5
2,5,1123.8600000000001
319,1,480.91
2,11,3586.0299999999997
130,3,605.64
2,15,4690.31
2,2,965.8800000000001
46,1,415.82
4,2,935.05
3,4,915.13
373,1,311.81
134,1,115.8
47,4,3742.2
9,5,4191.0
78,2,483.4
234,1,157.2
221,1,446.62
36,2,658.64
75,2,621.29
239,2,1345.62
266,1,118.75
10,55,117210.08
20,2,424.89000000000004
40,1,507.66
20,11,4630.35
216,3,1097.6200000000001
174,2,289.36
87,4,2445.91
71,2,1631.77
276,1,120.44
39,4,562.59
98,1,363.79
11,4,450.84
33,1,134.46
60,3,3222.3
297,4,576.9000000000001
86,4,549.46
9,7,1600.26
41,2,701.57
11,25,4748.52
67,1,452.89
331,1,197.65
31,6,2054.36
2,15,4654.08
2,13,4684.76
68,2,853.39
5,21,11349.52
202,2,1012.0
107,1,335.52
18,4,701.4
218,1,185.39999999999998
60,7,747.44
2,1,150.61
17,2,466.7
239,1,328.15999999999997
95,1,151.74
11,6,2073.43
106,6,1905.8400000000001
53,9,2241.1
90,1,1070.48
31,5,1004.38
12,6,1789.72
3,4,1839.3
2,17,2004.98
43,1,169.48000000000002
4,1,89.94
247,2,632.4
42,9,3432.8
177,1,683.17
92,3,991.13
110,4,1009.73
29,5,2214.79
26,10,3350.96
52,3,1547.2
184,3,925.71
43,5,2048.07
49,4,1462.72
22,4,754.12
75,5,3144.86
81,2,490.86
373,1,161.0
326,1,146.85
43,11,2380.85
30,2,890.34
184,1,213.70000000000002
235,2,280.55
9,10,2588.77
220,2,1693.45
111,3,1474.06
278,1,136.76999999999998
318,1,302.58
7,3,1904.05
2,5,2879.7000000000003
260,2,969.0600000000001
64,5,3099.7200000000003
9,9,12669.98
142,1,120.0
51,2,1163.45
8,8,2618.23
155,2,333.97
109,2,530.18
163,3,1516.24
332,1,492.65000000000003
226,1,112.32
74,2,437.96
51,4,559.97
99,3,1119.74
15,3,4188.0
197,1,134.04
3,15,3701.44
31,2,595.25
21,4,1910.01
24,3,4628.75
8,3,176.63
213,1,426.6
9,6,911.26
11,5,2314.65
2,11,3883.25
8,9,4871.93
3,4,1046.56
40,1,166.20000000000002
18,4,1305.33
8,44,51527.3
8,9,3965.62
19,1,43.2
117,1,640.14
223,1,383.45
71,3,1858.96
51,2,2093.32
89,6,2995.72
8,9,2352.53
243,1,310.26
47,6,1611.59
107,1,120.0
45,6,2481.13
65,1,508.58000000000004
207,2,477.79
11,5,1530.75
115,2,605.0600000000001
242,1,183.85
163,1,311.65
17,7,4975.24
124,2,462.65999999999997
23,3,840.21
68,1,415.2
17,8,2552.21
16,2,454.86
17,4,1614.91
161,2,588.22
243,1,309.52
219,1,134.7
45,8,2166.98
21,4,668.5600000000001
127,8,889.9300000000001
39,1,108.97999999999999
121,2,1021.58
260,1,409.57
10,1,133.5
274,1,282.93
165,1,51.0
157,4,1078.96
215,1,90.6
6,2,163.62
366,1,174.4
80,2,701.23
43,1,225.12
19,3,912.18
32,4,2118.03
22,1,151.5
109,8,3717.35
8,16,9227.82
320,1,155.0
295,1,100.5
358,1,76.55
185,1,235.56
191,2,617.05
44,2,348.1
52,1,202.68
26,1,615.49
38,3,1247.69
9,3,202.11
297,1,142.4
33,3,1727.6
10,8,3212.84
65,2,1043.46
10,9,4642.57
218,1,67.95
2,9,3479.91
65,2,487.99
3,19,2612.96
149,1,574.7
4,13,4051.48
130,4,1475.81
34,6,1449.32
119,1,156.75
107,6,2157.73
11,7,2599.03
71,6,2059.4500000000003
92,9,1100.27
311,1,1063.0
43,2,770.03
362,1,121.05
92,7,1496.98
1,13,5855.57
22,2,490.22
4,3,1937.25
11,6,1051.79
99,1,387.52
57,2,813.11
1,6,4263.64
218,1,265.2
18,1,322.08
24,10,4481.67
50,2,363.34000000000003
7,5,1224.06
303,1,470.36
10,6,2248.5
22,6,1372.8
99,1,89.06
366,1,63.0
306,1,131.9
320,1,2661.24
8,5,2357.6800000000003
1,4,1712.89
205,2,1589.82
54,4,1420.2
1,4,1010.35
19,5,1163.23
9,2,375.35
19,4,885.8
181,3,483.25
60,2,643.9
11,2,259.05
190,1,119.93
5,9,3017.28
311,1,113.64
155,1,1837.92
110,3,434.34
148,3,2103.06
66,11,1980.57
98,3,529.62
247,3,1038.44
29,7,2272.4
18,4,596.26
12,2,461.19
104,8,1852.67
74,2,234.34000000000003
46,1,547.66
72,3,925.85
257,1,193.0
20,4,1309.6
254,2,316.25
11,1,279.05
165,2,636.51
18,6,2022.81
282,1,137.1
50,1,321.92
39,1,162.8
27,6,1165.48
68,1,1064.28
207,1,463.38
175,2,340.93
7,5,2383.2400000000002
26,1,139.56
51,2,123.8
312,2,538.8100000000001
309,1,475.37
43,5,1957.32
26,3,808.44
88,3,356.85
184,2,251.21
20,11,2429.83
3,6,3543.26
47,4,673.26
17,8,5859.43
17,5,1960.65
24,6,1367.88
22,2,268.05
11,5,1314.81
188,2,275.28
101,3,455.59000000000003
61,3,990.2
18,6,2076.89
33,2,330.45
64,1,174.37
2,2,270.6
24,4,974.54
108,1,241.09
32,9,1843.83
20,9,4215.9
3,55,8507.13
37,1,364.21999999999997
60,3,578.61
26,6,2862.11
236,4,932.85
25,7,1949.72
3,18,4397.3
60,3,2854.84
260,1,170.95
58,1,355.56
65,2,388.25
16,2,537.48
10,3,952.66
59,8,1453.35
186,1,103.25
29,16,3599.73
24,2,2004.3
5,5,2573.93
4,8,3974.75
151,2,652.8
311,1,289.24
11,2,757.37
18,2,186.23
152,1,164.22
19,5,859.27
10,4,2279.4900000000002
57,2,312.54
85,1,788.38
7,22,2237.77
76,3,1080.76
4,18,5006.77
96,4,3099.12
111,1,1432.0
57,2,1530.3600000000001
1,1,227.39
281,2,218.06
3,7,2804.54
180,9,1639.82
372,1,35.400000000000006
13,4,859.71
3,1,168.63
17,1,138.6
41,1,114.11
6,5,986.96
169,4,1033.06
50,1,157.05
277,1,237.36
19,9,1580.29
372,1,39.75
15,4,1320.21
35,3,557.94
22,3,617.15
7,2,363.33
20,6,1740.6
11,2,866.24
44,1,221.97
306,1,393.33000000000004
11,1,213.96
275,1,660.0
1,93,12076.15
16,14,16209.5
4,4,1785.15
72,4,601.56
243,3,406.08000000000004
9,3,553.44
246,1,394.44
206,2,412.78000000000003
1,5,1788.3600000000001
185,1,320.58000000000004
32,5,886.7
57,2,225.85
196,2,899.63
24,4,2791.27
91,2,671.96
4,2,955.26
51,3,1006.98
263,1,114.56
266,1,344.90000000000003
36,2,609.85
51,1,443.6
52,6,2984.49
24,6,2107.38
22,1,110.46
59,1,96.12
170,2,693.8100000000001
68,2,830.76
157,2,597.09
2,73,280206.02
201,1,236.04000000000002
5,4,1402.59
67,2,653.75
77,1,114.18
1,7,1926.65
8,4,1932.23
169,2,291.05
18,4,848.22
5,2,247.15
9,9,2529.93
87,2,285.74
27,1,107.95
29,4,741.37
20,2,636.24
61,5,1835.7
24,1,195.25
11,25,9175.04
242,3,1259.24
280,2,392.86
235,2,765.55
3,5,1736.4
16,1,596.36
31,6,2548.2400000000002
25,16,28754.11
71,3,498.95
188,2,52.0
26,5,1201.51
107,1,628.38
8,21,5579.1
209,1,112.8
44,2,355.05
31,5,2114.33
137,4,591.55
265,1,172.9
4,7,2078.95
218,2,188.60999999999999
2,5,1217.27
214,1,109.13000000000001
32,3,2195.1
11,9,2526.09
1,17,3251.79
15,1,318.17
11,9,1493.96
199,1,179.0
3,3,1126.37
15,13,4921.04
14,4,599.48
10,11,2839.62
29,3,917.07
9,11,2662.2
24,1,160.19
25,4,867.38
43,2,307.51
2,5,1581.84
6,3,663.81
147,1,180.42000000000002
10,6,1122.3600000000001
25,1,655.58
274,1,268.58
374,1,313.49
1,8,1897.57
47,3,380.02
8,8,2702.4900000000002
16,12,9585.91
4,32,6065.69
4,3,1164.55
43,7,1314.45
4,7,3902.28
197,3,1448.21
12,6,1400.34
16,7,1099.98
113,5,1220.26
249,1,328.2
29,5,1415.75
44,1,389.64
87,1,563.15
45,2,638.05
10,11,5010.28
15,1,738.96
75,1,420.5
145,4,1484.06
5,3,1625.97
297,1,89.2
59,2,255.9
264,1,300.52
47,1,278.3
29,3,254.11
8,6,2473.37
17,2,192.60000000000002
3,8,10416.98
232,2,876.42
112,1,139.26
58,3,1011.9
51,11,2538.3
127,2,730.86
281,3,386.15
55,2,447.68
320,1,200.10000000000002
26,2,289.99
10,2,77.4
7,2,679.4399999999999
29,1,197.64
17,4,745.06
64,1,6.2
21,1,228.99
3,7,1319.91
166,1,131.45000000000002
1,17,7975.49
53,3,173.74
51,1,157.7
48,12,4331.79
61,1,189.34
162,3,845.55
9,1,353.27
15,4,546.4
75,1,193.39000000000001
40,8,2718.6
41,11,2085.33
370,2,152.88
37,2,778.5
197,1,271.85
200,2,1110.34
74,3,657.8
64,2,272.07
21,4,507.29
367,1,48.800000000000004
180,3,321.43
10,4,1127.71
4,12,2221.01
197,3,2139.76
29,4,697.55
53,1,188.88
18,6,1720.3
10,3,102.44999999999999
90,4,1649.5
268,1,62.85
53,6,3295.76
44,4,2824.69
64,4,3189.81
149,1,309.4
22,25,7930.54
312,1,325.75
23,2,511.35
58,6,2836.69
24,2,475.8
78,7,2740.03
119,2,645.65
36,3,1290.53
60,2,1173.12
13,4,1353.74
19,1,170.32
52,1,125.79
26,2,841.1999999999999
29,1,266.76
7,2,52.2
11,12,14389.9
186,3,710.28
3,8,2953.59
9,2,721.45
262,1,327.25
3,4,501.28000000000003
210,1,519.68
108,2,1465.3200000000002
13,9,1476.09
77,3,690.59
20,1,255.4
27,2,589.7
19,6,761.59
132,1,765.3199999999999
253,1,364.8
79,1,1862.0
207,1,369.2
336,1,135.9
254,1,125.65
148,2,554.38
10,2,1237.8500000000001
85,1,655.75
8,20,11138.710000000001
205,2,468.77000000000004
8,4,1366.38
23,6,1269.31
11,9,1421.29
26,1,332.66
21,5,2795.33
2,2,1025.44
158,2,616.15
3,7,3501.1
74,1,277.8
3,4,434.35
1,201,143711.17
17,2,867.85
36,4,1227.43
91,2,307.48
71,4,1268.98
116,2,1610.15
213,2,977.77
30,2,1316.07
51,1,749.1
246,1,310.05
32,1,223.88
109,3,2362.96
5,5,1257.68
366,1,363.53
82,2,1890.94
297,1,1784.71
34,8,8137.02
57,3,1621.88
30,12,5900.25
14,1,100.9
72,2,290.82
23,6,1101.97
19,1,371.2
79,1,311.69
60,11,8099.49
25,1,285.67
12,1,294.85
253,1,58.49
147,3,483.72999999999996
64,4,695.42
8,2,221.27
11,9,7044.68
271,1,126.7
10,5,1472.34
247,1,206.21
96,2,596.09
15,1,183.02
50,1,463.8
30,1,147.59
68,4,1592.06
35,3,1097.98
128,1,114.77
107,3,1314.45
37,1,89.94
57,1,279.94
57,7,790.86
72,5,1921.3700000000001
246,1,102.12
19,2,202.37
198,2,292.01
16,2,326.4
212,1,334.54
39,2,231.98000000000002
46,3,546.1999999999999
170,2,414.87
48,1,490.52
116,4,1641.76
147,1,1220.77
16,28,6295.37
51,1,480.38
159,1,156.91
12,3,1259.43
36,1,308.94
54,2,405.04
43,2,257.67
173,1,170.04
34,1,125.58
39,3,496.21000000000004
267,1,252.81
9,9,1871.77
12,4,852.39
3,11,6720.41
10,10,1636.43
33,1,361.96
80,3,469.0
31,4,1066.1499999999999
8,4,627.13
72,2,518.28
4,4,653.19
256,3,4959.1
5,10,2557.18
16,8,4274.16
90,1,252.73000000000002
72,3,429.56
59,6,685.74
10,47,19766.59
170,1,179.93
199,1,135.93
31,1,537.0
19,17,7634.7300000000005
152,2,735.66
9,15,5090.42
270,1,343.62
65,4,381.0
274,1,121.17000000000002
25,3,1737.69
23,3,1383.3600000000001
319,1,207.73000000000002
5,3,693.95
12,2,302.1
275,2,1489.5
25,11,2102.54
41,9,1337.72
8,4,294.25
4,48,54534.14
71,4,987.86
213,1,370.79999999999995
38,4,3158.13
53,1,893.59
78,3,1744.76
46,2,553.36
179,1,1109.53
373,1,106.2
94,2,982.07
10,3,1043.41
105,1,735.67
78,1,773.03
173,1,880.85
7,32,9743.11
213,4,895.61
22,5,504.8
257,1,88.2
282,1,306.94
21,2,1160.07
10,6,2420.84
308,1,381.32
68,1,480.71
215,2,457.81
18,6,4597.02
104,4,1370.6
43,1,219.39000000000001
4,1,248.08
182,3,39916.5
84,1,410.48
334,3,876.0
9,2,317.53
31,2,703.36
197,2,993.54
18,7,2298.93
18,5,1422.52
311,6,319.5
142,4,1300.25
246,1,484.95
24,4,996.1
29,3,1567.48
10,3,3509.43
30,10,2760.56
18,1,340.11
18,4,1352.75
15,5,1551.78
134,1,244.8
246,1,266.4
134,1,358.82
50,2,457.72
114,3,1633.78
7,2,2199.31
23,2,184.19
25,15,11528.48
66,1,406.53
60,4,1471.0
50,11,3447.4
170,1,330.11
18,5,977.9300000000001
128,3,982.42
15,8,1387.99
239,1,139.05
3,4,1286.7
240,2,178.96
52,7,2354.25
46,1,498.74
226,1,259.45
8,17,6580.44
4,4,1194.73
165,2,1327.16
240,1,623.5
11,1,301.29
134,1,520.8000000000001
17,10,5291.33
10,13,4745.69
31,1,329.25
75,1,254.28
1,3,961.49
4,3,1936.07
45,1,401.40000000000003
2,30,18641.010000000002
357,1,158.16
18,2,304.47
69,3,824.58
373,1,487.75
321,1,158.8
26,1,106.56
331,1,1289.5
9,5,1624.05
323,1,135.75
72,1,224.14
260,1,40.5
18,5,2206.95
367,1,87.5
66,3,689.4799999999999
154,2,622.85
29,2,402.2
70,1,310.62
14,2,411.41
2,16,4777.18
1,41,16225.39
120,3,1044.32
61,1,499.32
3,15,7616.53
3,1,3861.0
11,3,1079.6100000000001
92,2,193.64
59,4,1268.7
87,5,1236.54
26,6,1827.8
357,1,316.58
85,2,653.24
10,4,420.29999999999995
1,5,870.12
225,1,331.18
60,2,894.4100000000001
241,1,101.8
319,2,328.35
2,8,1661.44
47,3,734.94
88,1,96.6
11,11,5756.89
176,1,305.75
52,6,1778.96
366,1,403.25
319,1,585.0
226,2,755.75
358,2,322.08
234,1,409.40000000000003
311,1,154.41
37,5,1219.4
66,4,3386.71
239,2,429.6
113,2,612.06
277,1,197.0
218,12,2247.51
299,1,321.05
2,4,1412.32
29,3,1071.99
10,2,780.59
45,5,1706.57
67,8,1756.44
74,1,316.68
65,2,631.57
134,3,2515.84
238,2,514.15
122,1,356.0
32,13,6688.46
9,11,10484.99
36,2,740.78
16,5,918.1999999999999
127,1,300.36
67,1,890.85
149,1,98.45
283,1,317.15
169,2,623.16
100,7,1810.77
135,1,254.82
324,1,178.95000000000002
107,1,156.51
64,1,393.74
151,2,1506.1200000000001
338,1,119.3
22,5,1717.36
24,1,408.8
16,7,2379.49
7,15,2493.34
57,2,721.94
4,2,716.57
38,1,615.14
66,1,128.63
47,1,255.89999999999998
355,1,290.51
172,1,113.12
59,9,2332.15
50,1,240.55
22,2,486.69
43,5,2306.52
29,3,939.78
5,18,7943.22
26,15,4668.3
201,1,178.39
51,6,3672.86
10,3,641.94
2,12,4799.9
67,7,4507.01
64,1,496.44
51,12,5049.95
290,1,574.02
61,8,694.4000000000001
64,3,1174.35
96,1,205.3
274,1,310.47
1,91,60632.75
75,4,924.85
110,1,52.0
199,1,327.97
64,2,570.5
327,1,165.0
4,1,312.62
284,1,204.5
44,1,267.13
71,3,2748.31
86,1,679.68
104,1,161.74
334,1,311.71
53,1,208.75
39,3,1049.7
32,2,714.96
366,4,1661.06
208,1,1028.56
157,3,350.82
54,1,170.22
66,2,574.07
81,1,2020.52
130,1,406.09
87,1,364.5
1,3,563.94
46,1,393.54
333,1,252.42000000000002
366,1,201.60000000000002
72,1,158.04
158,2,463.90999999999997
373,1,115.65
12,7,1934.66
255,2,770.12
29,2,277.05
31,10,2718.03
5,22,8347.2
40,1,427.93
362,1,418.92
373,1,326.0
96,2,913.19
26,7,2314.32
75,2,602.51
57,4,1877.59
21,1,446.94000000000005
41,7,2386.05
137,1,2007.3999999999999
8,12,2415.91
129,1,168.0
40,3,1221.56
169,7,3703.29
9,5,1690.2600000000002
214,2,596.85
15,6,5955.71
170,2,642.41
40,1,316.88
186,1,394.14
270,1,140.54
172,1,500.0
5,4,1535.53
16,2,231.86
10,4,2183.54
326,1,107.45
113,1,288.18
290,1,94.0
16,2,1345.53
1,3,815.77
92,5,716.2
149,2,626.77
189,1,349.1
31,2,510.71000000000004
34,4,1046.74
264,1,267.18
84,8,3450.84
26,4,1348.93
171,1,190.53
10,3,774.9000000000001
313,1,559.61
65,4,3984.32
85,1,508.8
25,1,135.86
59,4,950.36
323,2,97.7
38,1,43.5
254,2,383.34
19,5,1404.07
33,3,1430.54
15,1,93.78
27,2,397.35
23,1,171.19
214,2,533.3
8,5,1041.48
22,1,149.29
12,3,1067.75
262,1,200.16
131,1,156.57999999999998
55,3,383.68
249,1,594.0
2,7,3213.59
9,2,1411.21
264,1,113.5
331,1,155.17
313,1,494.64
26,3,974.52
30,1,429.84
30,3,528.48
2,7,1371.77
362,1,179.1
283,3,434.59000000000003
262,1,237.07
25,1,161.64
354,1,214.26
94,3,234.6
29,1,126.14
338,1,1044.65
20,18,7354.62
85,1,334.53
9,3,524.88
51,2,467.51
50,2,538.55
2,1,454.48
113,1,371.56
14,7,1771.2
77,1,454.10999999999996
40,2,1399.92
116,1,905.5
16,12,10879.76
161,4,225.26
1,4,3590.41
30,3,2564.5
93,1,91.32000000000001
23,3,1134.28
95,6,3100.09
28,2,659.4599999999999
33,5,1953.41
21,2,1280.58
18,2,1262.2
3,27,13316.4
8,4,1131.56
16,12,10384.93
363,1,141.04
81,1,52.83
53,5,3610.96
23,3,972.08
172,1,475.86
189,6,1000.27
331,1,250.0
12,5,900.53
156,2,121.0
33,19,14758.220000000001
12,11,4023.7200000000003
45,3,62.43
233,1,267.03
64,8,1921.55
2,1,343.5
40,8,3000.2
33,2,397.99
84,1,412.01000000000005
25,1,440.0
2,3,734.37
33,2,148.44
19,8,2428.53
254,1,229.33
23,11,3962.6
22,4,1497.31
8,2,1972.39
25,4,1564.73
19,3,807.57
173,4,502.9
163,1,110.92
7,1,538.46
11,1,213.3
114,1,85.13000000000001
288,1,127.86
9,9,3546.71
54,2,288.96999999999997
7,14,4910.6
77,3,1681.46
4,4,575.63
37,1,436.06
217,1,90.12
60,1,428.93
278,1,217.2
12,16,4794.86
24,1,279.77
29,1,468.91
12,4,800.59
352,1,134.55
22,4,1400.44
50,2,173.16
19,1,186.01
3,3,758.29
104,5,1375.71
7,12,4148.82
12,4,650.4300000000001
5,7,2533.42
32,2,591.1899999999999
178,4,675.64
38,1,921.37
151,3,258.88
162,1,127.1
69,2,327.6
121,13,3675.77
25,3,682.9100000000001
24,4,720.86
177,1,455.3
50,4,913.6800000000001
256,3,478.53000000000003
47,1,388.58
71,1,199.8
16,5,1771.78
101,5,1406.59
35,1,324.57
53,1,240.68
27,2,761.74
11,14,6776.56
8,9,1297.8700000000001
79,1,48.480000000000004
52,1,216.39
36,5,1198.23
61,9,2920.16
337,1,104.76
28,4,1093.68
184,1,298.48
52,1,112.46000000000001
10,13,1591.45
36,2,195.15
10,23,10399.74
33,4,776.851
11,1,336.40000000000003
57,3,1553.18
4,4,1293.03
43,9,3709.56
141,1,301.03
117,4,588.13
104,4,1534.26
75,2,675.8
5,9,2870.2400000000002
45,2,1186.35
16,8,3285.31
17,1,243.55
90,2,724.76
53,1,223.36
134,1,425.32
4,15,12416.11
105,4,1887.2
192,3,664.0
166,4,803.54
19,1,612.01
158,3,447.64000000000004
204,2,639.5
336,2,816.0
37,3,646.3
91,1,337.74
93,2,877.4399999999999
9,2,922.53
243,1,560.67
45,4,748.5
23,1,30.0
190,5,1024.1000000000001
44,1,306.45
25,9,1600.86
317,2,309.8
106,1,138.14
51,1,386.43
168,2,2222.21
40,1,301.32
218,1,76.32000000000001
40,4,684.34
297,1,173.05
19,7,2657.13
88,4,2726.23
73,5,2446.6
81,3,323.69
19,3,3435.76
49,1,657.23
53,1,352.7
24,4,781.28
9,3,1333.68
25,5,1426.16
117,1,193.75
9,9,2993.1
120,2,254.1
4,2,239.76
252,1,136.8
28,1,191.04
1,14,6479.4
267,2,409.98
33,8,2711.11
18,1,309.65
172,2,696.68
2,4,1529.0
265,1,211.5
140,4,2293.62
201,1,143.1
64,4,1060.56
35,4,916.98
41,7,3235.25
284,1,133.25
9,5,1072.3600000000001
143,2,356.7
12,2,330.03000000000003
146,4,1101.1100000000001
234,1,150.3
33,13,5030.07
24,1,598.73
12,1,471.40000000000003
36,5,2211.21
365,1,190.7
201,2,218.25
15,1,415.25
17,7,5159.06
213,1,85.0
66,3,1120.88
212,2,294.12
283,1,162.3
115,2,1339.45
15,8,1188.1200000000001
19,16,4812.42
66,1,449.12
49,1,154.88
16,4,775.96
78,1,34.8
19,4,1094.59
134,1,196.88
13,3,946.64
40,1,144.36
235,3,44534.3
3,8,2463.05
40,7,2626.6
305,1,79.2
51,3,458.57
10,6,2364.25
61,4,528.01
66,2,714.42
25,1,205.25
218,3,253.04
65,2,583.75
32,2,1086.92
88,6,3279.97
64,1,315.06
116,3,621.8299999999999
7,26,56252.72
6,1,635.6800000000001
69,1,270.8
245,1,104.9
133,1,241.62
241,4,1047.11
184,3,475.28000000000003
25,3,345.46
10,3,2614.7400000000002
11,1,246.3
33,5,2328.9700000000003
46,3,4919.0
26,3,933.26
358,1,351.3
10,1,218.75
44,2,1612.69
15,3,965.61
150,1,610.01
1,8,2708.61
113,4,2207.4
76,3,884.14
107,2,696.89
46,3,1063.95
143,1,451.42
51,1,415.82000000000005
1,13,4206.39
23,17,5488.18
46,3,784.58
50,3,903.9
306,4,3651.27
36,5,515.77
79,4,1391.98
22,6,2218.62
107,5,1801.14
208,2,1303.9099999999999
17,4,1945.33
64,5,2100.6
49,4,1905.45
320,1,206.98
44,2,570.96
3,2,885.47
372,1,15.0
172,1,532.94
56,3,1654.31
73,14,1836.0900000000001
99,2,636.14
38,1,576.0
58,3,794.64
254,1,836.79
70,4,2225.15
44,4,954.09
50,1,137.37
65,1,391.98
11,19,33643.08
33,3,1048.49
59,2,355.56
73,4,1224.06
304,1,118.95000000000002
46,1,130.73999999999998
18,8,3711.77
38,2,389.27
19,2,234.88
187,2,160.71
52,1,110.8
4,12,2969.12
137,5,712.24
4,27,16143.64
19,1,297.0
16,5,1427.57
41,8,965.16
12,8,3146.92
8,4,832.88
26,2,68.84
22,6,1936.3200000000002
41,3,895.13
101,1,211.89
5,15,3810.14
277,2,149.64
33,1,351.44
15,2,316.25
64,7,4405.88
2,2,490.33
369,1,329.03000000000003
312,5,501.39000000000004
199,4,516.36
2,2,396.48
93,3,379.35
60,1,181.09
81,1,168.31
157,2,420.07
227,1,511.68
253,2,258.25
150,1,179.17
194,2,208.59
1,5,1383.83
369,1,56.25
24,1,337.28
17,3,351.73
10,7,5126.76
8,1,164.68
20,7,1567.69
4,3,882.72
174,1,191.94
1,8,1228.88
178,2,264.62
16,8,1502.8600000000001
248,1,123.1
191,2,334.23
20,2,525.69
154,4,167.5
173,1,323.03000000000003
373,1,369.5
373,1,127.08
194,1,207.15
67,1,426.63
4,8,2495.87
21,3,1107.46
239,2,416.86
64,1,145.35
112,5,404.58
90,15,6115.01
311,1,35.8
134,1,337.44
277,1,325.1
365,1,181.0
83,1,1708.24
8,2,955.24
17,2,364.72
32,4,1744.71
9,2,708.22
34,4,781.91
15,8,1657.28
24,14,4416.26
32,1,428.89
74,1,104.35
20,2,470.76
17,4,808.87
23,2,397.68
3,3,666.1
304,1,314.1
18,12,4199.85
367,1,307.82000000000005
39,7,3442.15
84,1,371.01
165,2,427.64
17,2,1054.73
77,1,1098.78
89,3,2398.86
25,8,3408.48
22,4,1465.12
3,10,2780.63
123,2,1142.42
30,1,168.12
12,7,1432.77
19,1,156.78
44,2,792.11
4,1,41.989999999999995
9,7,2777.67
55,1,414.27
88,6,1032.58
37,5,3080.22
3,3,12393.7
30,5,2735.37
12,4,578.71
211,1,101.4
48,4,1693.81
24,3,478.78
22,4,972.11
246,3,392.4
8,16,3352.96
35,3,1415.29
4,47,37130.6
38,3,646.83
4,3,704.55
3,8,1465.51
47,1,211.88
39,2,408.90000000000003
47,9,3786.2400000000002
17,3,851.01
260,1,602.63
46,3,719.81
12,1,251.03
30,1,439.65999999999997
43,1,236.09
92,6,934.62
39,63,80850.84
310,1,331.24
92,2,547.9
6,20,8778.82
196,3,437.7
87,2,758.92
270,3,855.02
8,3,471.78000000000003
65,3,1313.55
31,3,3166.4
22,5,1177.47
38,4,773.99
120,4,1340.7
373,2,256.44
40,3,1074.81
174,1,137.9
54,1,362.06
33,2,1511.95
145,1,783.9
221,1,134.8
45,1,650.75
16,7,2263.12
66,6,1453.16
10,4,1153.62
260,1,335.32
365,1,367.14
17,5,1521.04
22,2,852.15
45,1,326.24
288,1,584.3199999999999
297,1,122.39999999999999
3,10,2234.73
284,1,79.2
17,3,1352.0
82,2,217.16
56,5,2799.42
101,2,1317.62
299,1,436.18
23,5,981.51
59,5,1121.39
155,2,315.06
115,3,817.86
107,1,17.0
12,4,1078.23
264,1,320.62
240,1,185.04999999999998
88,7,2005.63
50,3,731.9
71,1,1290.7
42,3,1842.14
7,6,1429.64
62,1,298.21
249,1,336.96
66,1,108.38
18,7,3204.1600000000003
85,1,842.5
219,2,611.88
45,3,1320.95
143,4,195.73999999999998
183,1,161.38
171,1,135.75000000000003
10,8,1660.8799999999999
212,1,612.78
190,1,232.21
8,2,423.36
59,4,1309.14
57,2,854.66
73,4,684.4200000000001
52,1,307.78
317,1,249.0
367,1,289.35
29,4,6287.77
39,1,656.25
18,5,1880.22
52,6,3506.54
4,33,14589.04
22,2,618.09
263,1,517.55
60,3,709.38
19,3,635.41
66,2,725.18
88,1,620.4
250,1,535.34
3,6,2424.94
247,1,175.2
9,11,3799.4900000000002
157,3,734.13
134,1,375.0
296,1,76.32000000000001
5,2,280.52
43,5,2053.02
269,1,1829.04
50,5,1824.23
9,9,3092.04
16,3,656.69
282,1,348.2
65,2,1025.44
2,19,5533.67
252,1,37.4
232,2,856.6
17,3,822.48
11,27,3787.6
8,4,1822.97
51,6,1885.05
59,1,73.2
95,5,1140.21
16,6,1418.32
126,3,1009.5500000000001
94,4,1037.59
50,1,331.95
138,1,197.9
61,1,215.83
100,8,10254.18
73,1,305.54
72,4,6617.65
67,1,338.71000000000004
64,6,1158.79
17,2,529.41
23,12,4006.94
32,15,6911.4400000000005
45,4,981.86
16,2,215.48
40,1,215.08
3,13,5180.52
237,1,314.45
75,1,400.68100000000004
4,2,1068.8700000000001
3,4,1863.47
361,1,365.27
59,4,592.9
23,1,384.18
31,4,757.63
55,4,537.0600000000001
25,1,394.38
45,2,664.26
89,5,2262.62
2,18,21086.3
89,1,547.02
19,2,690.34
79,1,159.0
171,3,1062.75
81,1,242.35
267,1,914.9300000000001
235,2,304.25
30,7,3084.68
37,3,860.86
318,1,773.5500000000001
57,4,1295.3
45,5,1096.32
203,3,255.12
225,1,314.22
87,2,1010.6
190,2,542.03
44,4,990.88
71,3,536.6800000000001
41,5,867.31
78,1,432.2
57,2,414.2
24,2,3718.8
10,13,2590.31
8,7,3579.86
34,2,409.1
212,2,1522.75
24,3,1413.66
170,1,114.56
62,1,152.94
53,5,1800.07
261,2,389.44
67,2,3683.86
17,8,2619.91
267,1,752.4300000000001
177,1,46.95
45,5,5203.51
51,1,1035.45
17,4,728.54
9,9,5447.0
74,7,861.89
71,2,667.65
353,1,1141.24
3,5,1404.64
117,1,411.7
373,1,351.75
197,1,559.87
177,1,810.6000000000001
100,1,566.38
21,3,1502.78
72,1,2062.06
340,1,168.3
6,5,1570.81
31,2,812.68
170,1,142.5
122,1,302.25
22,10,2248.9900000000002
10,4,1328.55
269,1,301.9
23,3,598.2
127,1,233.22
26,3,5360.63
139,1,361.21999999999997
214,6,632.27
38,4,2560.0
106,2,706.57
18,2,616.26
3,2,274.15000000000003
331,1,226.37
64,8,2938.91
120,3,1341.65
35,1,328.15
218,1,404.40000000000003
172,2,1038.46
72,5,373.65000000000003
1,2,326.75
196,1,207.50000000000003
128,3,408.59000000000003
47,3,594.24
6,14,3039.2200000000003
14,6,3820.27
18,3,251.91
28,7,1582.8
8,22,26626.8
37,1,151.05
157,1,214.79999999999998
284,1,94.05
107,1,534.31
25,4,1971.87
75,4,322.41
16,2,328.58
158,1,101.10000000000001
44,1,565.46
11,2,847.45
32,7,1415.65
291,1,53.5
21,4,1116.47
333,1,153.9
18,2,494.44
4,23,6675.71
63,2,395.8
198,3,211.77
33,3,658.88
1,4,2027.5
7,9,1750.92
5,6,3450.41
10,4,891.21
32,5,709.99
53,1,109.36000000000001
12,2,705.79
18,9,1540.42
19,1,327.3
37,2,800.67
2,2,479.91
18,3,1545.41
82,4,1301.91
33,2,355.73
66,2,466.73
9,2,974.96
267,1,676.2
247,3,362.95
4,4,2157.4
61,1,1743.1499999999999
75,2,643.76
90,2,584.5
60,3,554.86
29,2,302.57
323,1,94.36
53,4,1382.07
270,1,217.89
2,13,3040.96
57,5,1555.34
61,5,1482.06
154,2,1705.8
19,2,408.02
95,1,303.93
1,12,4098.32
265,2,293.45
312,1,177.5
70,1,443.05
302,2,167.25
19,1,154.35
13,10,2079.68
36,5,2022.98
19,2,211.7
54,1,135.99
57,1,262.2
22,2,126.25
44,1,200.27
27,3,1051.4
45,3,631.12
113,6,958.71
17,51,34684.4
25,1,346.12
191,1,133.56
302,1,302.7
2,10,1863.76
263,2,241.06
106,1,284.55
57,1,300.85
213,3,623.28
64,1,287.4
28,1,184.26
29,7,1511.8
6,5,798.35
8,5,3640.67
67,2,381.2
2,3,609.3
46,4,654.67
34,1,230.51
1,2,168472.5
136,1,255.91
198,1,182.99
198,2,707.69
150,1,311.92
88,1,266.97
45,2,6.9
64,7,1841.18
99,5,2158.18
218,1,208.36
3,18,3482.7400000000002
28,3,811.23
178,1,142.92
74,3,136.0
21,4,1422.4
20,3,1298.66
34,7,1595.96
74,1,74.9
24,4,625.42
52,4,752.77
275,1,223.95000000000002
165,3,316.11
7,7,1810.65
88,4,544.3
64,7,2494.46
25,3,331.0
10,2,300.83
76,1,769.29
16,1,220.62
192,1,139.35
174,2,404.3
77,1,363.65
33,3,498.8
47,1,731.5
80,4,1351.63
297,1,826.53
3,3,648.26
9,3,1599.52
50,6,2965.69
161,2,100.97
360,2,365.45
5,6,400.86
107,4,1431.93
25,1,465.88
32,1,777.6
20,2,90.30000000000001
297,1,363.7
372,1,248.1
22,3,918.33
5,4,874.59
52,5,1624.14
30,1,101.69999999999999
277,1,162.7
61,2,484.32
25,2,215.07999999999998
186,3,1046.57
2,21,9418.470000000001
2,26,13027.45
172,1,290.36
81,1,228.06
4,1,244.41
190,1,455.25
22,7,1244.59
18,3,6748.8
19,3,1082.81
5,1,593.75
110,1,548.12
3,4,1388.81
54,1,119.62
165,1,339.3
291,2,787.15
10,10,4034.9
109,5,2298.97
96,3,922.12
243,2,379.73
163,12,5719.82
42,3,837.1
35,2,285.89
67,7,3313.79
24,2,281.85
1,20,8338.49
27,2,841.41
6,2,511.12
54,1,1077.74
364,1,173.7
15,5,614.66
194,2,865.6
3,1,124.2
15,10,3738.4
27,3,1421.69
127,3,1009.6
85,2,663.61
71,1,451.44
183,1,105.84
113,1,313.62
374,1,233.45
80,2,936.08
249,1,463.95
232,1,225.15
71,3,459.24
69,1,213.5
4,16,4113.68
51,3,330.03
75,1,181.09
61,1,360.16
16,2,250.15
4,1,90.04
286,1,145.04999999999998
4,6,813.52
41,1,242.7
36,1,528.08
75,2,482.47
18,14,3347.71
15,7,5493.46
219,1,75.66
186,1,129.49
33,4,1187.66
70,1,618.59
183,1,506.19
15,2,500.42
236,1,151.85
31,5,2647.59
264,1,226.21
4,2,178.96
52,4,813.48
246,1,129.45
81,2,810.5699999999999
275,1,333.08
1,17,4413.1
79,1,322.8
30,5,2188.05
74,2,408.63
17,6,2883.1
223,2,217.9
32,4,1154.47
23,10,1680.72
31,3,1257.51
106,1,231.10000000000002
5,2,688.33
246,1,487.51
178,2,833.78
170,2,214.06
43,1,290.65999999999997
72,1,518.42
59,7,6773.97
16,2,1212.66
141,4,601.27
18,6,3789.52
22,15,8625.8
10,4,874.43
368,1,123.24
189,1,39.12
16,4,1267.6499999999999
362,1,135.39999999999998
19,1,118.98
68,2,567.1800000000001
15,6,306.71999999999997
24,3,1348.88
17,11,4095.9
28,3,1692.27
2,20,8134.9400000000005
55,2,304.24
34,4,1592.1200000000001
3,12,3109.99
366,1,129.75
43,1,183.7
73,6,1770.34
5,5,1028.0
4,28,66653.56
61,2,324.24
47,7,2959.88
1,4,1260.86
76,2,422.59999999999997
72,2,225.57999999999998
256,2,1276.0
69,2,477.86
135,4,657.9000000000001
241,1,112.75
227,2,1998.0
9,13,5076.55
9,13,5398.3
1,20,14034.99
37,3,531.35
46,1,656.63
85,5,3029.87
19,10,2467.99
3,5,1651.03
9,11,3611.31
19,15,6910.78
219,3,1129.06
78,1,301.71999999999997
267,2,901.2
24,6,3843.08
369,1,606.0500000000001
15,7,1770.22
26,1,152.95
262,1,292.47
17,13,4730.81
91,2,576.4
302,7,758.27
26,5,1358.74
364,1,256.32
46,4,1048.28
38,21,7205.33
52,3,743.11
32,1,603.75
52,3,646.76
79,5,2247.41
53,1,417.59999999999997
298,1,3.75
177,1,323.0
47,1,464.9
29,7,2213.13
11,7,1291.91
87,17,7180.7
5,18,6680.11
38,2,836.06
18,5,1515.9
45,5,623.93
31,1,1764.72
373,1,207.5
58,1,223.92000000000002
372,1,2002.4
114,3,1475.43
215,1,239.4
319,1,106.83000000000001
65,1,369.34000000000003
8,3,789.79
97,1,316.62
20,3,1207.24
199,1,611.85
4,13,2790.9500000000003
294,1,34.0
273,2,1145.6
31,11,5575.56
48,3,478.09000000000003
260,1,361.54
58,5,757.1
33,5,2242.61
57,1,171.59
68,4,661.52
10,11,1691.51
60,1,371.54
80,2,222.62
74,2,245.94
2,22,10611.720000000001
100,2,422.24
372,1,311.25
10,13,2267.9500000000003
20,1,107.6
123,2,594.39
8,1,80.8
4,6,1545.6200000000001
29,7,1705.78
282,2,110.38000000000001
57,1,243.84
1,10,1196.5
365,1,414.88
89,1,305.62
11,1,1162.65
163,4,1594.23
65,1,332.3
23,3,536.99
174,2,460.59
103,4,762.16
143,3,1121.59
99,2,288.42
23,5,914.69
192,1,309.54
5,2,547.07
361,1,479.35
8,10,1652.18
14,21,6416.7
103,4,417.06
3,9,1604.75
11,11,3349.57
96,1,497.61
227,1,358.38
16,2,460.64
39,2,775.1800000000001
51,1,341.7
93,2,128.5
157,1,197.22
39,1,325.91
184,3,199.15
1,4,1106.53
228,1,413.46
128,2,180.85
40,2,251.87
31,11,3170.98
197,2,588.85
9,34,16594.35
37,6,1869.82
101,3,1264.19
43,16,10196.57
50,1,214.32
43,1,193.44
53,1,281.42
187,1,124.57
334,1,332.41
4,3,342.45
10,2,144.91000000000003
24,2,328.4
15,1,35.400000000000006
369,1,375.69000000000005
145,2,747.81
60,2,173.76
31,2,502.8
141,3,207.73999999999998
23,4,817.12
22,6,2812.34
77,3,680.02
5,6,7123.62
67,5,2095.53
12,6,846.62
84,1,13.3
31,7,1491.43
67,1,432.0
67,3,705.12
187,2,272.48
38,2,429.84000000000003
15,3,450.41
35,1,192.32999999999998
195,3,1578.67
2,5,742.43
1,5,518.19
367,1,145.93
65,1,202.27
299,2,289.78
26,3,501.03
8,6,1271.06
17,3,887.11
116,1,1706.88
29,1,363.2
4,16,3653.75
5,7,3037.6
82,4,559.59
29,5,928.76
72,1,379.14
4,8,1508.96
29,11,2555.58
290,1,113.44
36,1,183.76
9,6,621.6800000000001
24,2,562.41
277,1,391.52
50,6,1068.82
156,11,2592.25
61,1,154.18
12,19,7069.08
21,3,829.89
371,1,230.25
116,3,543.05
80,17,2814.7
4,7,1295.39
26,3,378.89
5,21,4554.87
53,1,150.23000000000002
1,2,563.23
55,2,931.03
26,1,261.9
9,4,2711.6800000000003
52,3,3049.88
13,9,1904.99
212,3,816.73
22,19,4345.5
236,1,406.48
139,3,435.02
4,6,1286.27
57,3,1178.56
135,3,1277.75
109,2,167.61
30,1,20.8
1,9,2085.08
185,4,518.67
18,1,308.74
239,2,416.64
87,1,117.35000000000001
39,3,507.05
116,1,234.17
187,1,110.55000000000001
227,1,201.19
8,7,2154.97
189,1,319.02
4,2,439.43
39,3,650.41
38,1,357.21
267,1,251.51999999999998
78,1,344.33
4,6,1852.0
255,2,1028.46
61,1,384.06
13,7,1905.87
88,2,4459.52
17,10,5464.12
30,2,1873.2
3,7,1616.8
5,1,126.12
7,6,1133.25
219,1,179.0
11,5,1614.31
30,6,1456.96
288,3,702.0
150,4,295.0
23,2,484.82
1,11,3989.57
86,3,1493.73
46,2,1312.1399999999999
5,4,781.78
51,6,889.9300000000001
18,1,195.36
30,1,270.9
8,3,583.4300000000001
29,3,1838.6100000000001
3,20,8694.26
41,2,920.1
11,4,1258.08
31,1,71.0
45,3,95.85
61,3,357.77
185,2,154.82999999999998
79,6,877.5600000000001
111,2,716.0
64,1,146.87
12,2,380.35
86,3,1030.14
16,3,745.52
246,2,433.53000000000003
88,1,1267.32
30,1,112.4
138,1,449.73
27,3,1071.49
3,5,1036.58
32,4,1735.18
25,1,948.48
113,3,339.44
157,1,642.02
85,3,1100.9
118,3,925.35
3,9,5655.03
96,6,3185.64
194,1,240.89000000000001
28,1,399.09
131,1,498.48
28,5,1356.33
82,3,1179.89
30,5,3080.39
266,1,234.24
74,11,5232.2300000000005
314,4,533.33
21,7,1461.14
59,3,855.45
12,21,4552.14
28,9,2709.7000000000003
114,1,304.24
28,9,2429.03
18,4,1446.09
18,4,834.12
36,3,841.0799999999999
36,2,378.2
78,1,118.80000000000001
22,2,287.62
25,2,288.91
33,2,2003.85
109,3,1405.78
35,2,2747.9900000000002
123,5,1562.4
7,6,2050.08
28,4,1991.01
4,7,1974.65
3,9,3827.76
50,4,1774.03
322,1,302.0
23,3,1324.16
15,4,1022.13
2,8,954.42
18,2,971.74
10,4,1621.73
262,1,25.5
159,2,665.78
33,6,10797.48
29,6,881.29
165,1,163.29999999999998
47,1,231.61
6,8,801.12
8,3,837.5
288,1,116.19999999999999
318,1,157.02
3,2,606.91
233,1,307.46
119,1,138.32
162,1,345.29999999999995
185,1,294.24
50,1,230.5
152,5,989.45
335,1,157.09
5,5,2463.17
16,7,4892.240000000001
107,2,413.2
16,7,1139.73
276,1,380.5
16,12,10650.77
247,1,454.12
239,1,579.0
1,2,984.57
106,3,749.78
23,4,1714.59
52,1,124.88
195,3,1689.5
24,1,213.78
75,1,329.34
18,2,251.70000000000002
8,2,319.0
32,3,1266.97
22,3,1538.88
31,6,3518.03
29,10,1715.46
22,2,293.1
33,7,2467.35
284,1,158.68
39,2,206.34
58,2,835.78
289,1,224.91
79,1,317.76
5,8,3766.6
218,1,59.9
44,4,1443.69
202,1,306.13
178,3,711.79
56,4,783.97
57,2,239.92000000000002
8,6,3347.31
47,2,144.0
227,1,203.95
11,7,2474.23
106,2,383.75
59,2,444.74
28,7,2093.68
36,7,1699.3000000000002
274,2,262.62
30,1,1013.01
24,3,692.22
54,1,289.78
36,6,3560.08
175,4,1564.56
54,1,384.08
53,1,204.24
27,8,2317.2200000000003
253,1,226.85
40,7,2781.23
60,6,1059.1200000000001
234,1,113.5
4,10,1951.97
32,1,114.23
24,14,3187.55
7,2,334.48
65,1,328.65
310,2,416.89
309,1,393.49
19,6,939.32
16,8,1906.09
96,2,318.76
264,8,3638.41
12,10,3124.72
3,2,417.77
35,1,190.88
183,1,149.89000000000001
25,2,550.06
13,6,916.13
11,2,314.69
3,17,3719.1
313,1,382.5
108,2,1135.04
1,26,8540.05
53,1,954.9
205,1,171.45
15,1,280.09000000000003
120,1,318.65
4,2,381.97
363,1,269.83
117,2,348.91
18,1,178.26
5,2,271.19
41,2,291.48
107,2,240.0
148,2,581.23
52,5,1253.3600000000001
208,1,63.440000000000005
139,2,550.01
2,3,296.58
127,2,317.2
108,4,763.64
42,4,2148.63
35,1,107.82
228,2,1065.3500000000001
241,1,246.04
58,1,187.82999999999998
130,3,1685.46
60,6,1647.48
22,1,151.37
26,7,1049.06
9,7,1417.63
32,3,931.02
4,2,513.01
308,1,550.8000000000001
8,9,1854.06
29,3,547.0
17,1,128.18
101,2,498.42
12,4,656.61
21,1,163.24
15,5,1135.63
361,1,250.04
11,19,8631.31
95,1,82.75
78,2,1384.85
139,3,644.3
31,1,2328.84
25,8,2527.92
2,38,6281.23
46,3,2600.34
100,3,1200.6200000000001
8,2,657.16
15,7,906.52
18,4,986.48
280,1,96.8
14,2,523.11
23,2,363.9
124,1,175.2
86,1,494.25
302,2,307.02
151,4,1981.06
17,8,6493.54
94,2,243.36
30,11,12353.29
157,3,682.29
355,1,193.64
46,1,157.62
15,4,519.6899999999999
4,15,2622.88
86,1,228.96
15,5,1156.6
179,1,98.25
8,4,1281.32
36,3,587.15
129,2,1740.0
51,1,1393.06
312,1,178.22
24,2,384.39
303,2,360.81
11,1,127.86
17,3,568.24
49,3,488.2
239,2,312.23
1,11,4462.68
13,8,4767.36
238,1,167.55
23,8,1878.87
73,4,446.18
17,3,418.4
41,8,1337.18
40,4,646.92
219,2,495.77
199,3,400.1
71,2,203.2
24,20,4058.32
11,1,389.71999999999997
9,29,20275.61
65,1,65.4
4,1,193.39000000000001
19,2,336.4
15,1,256.11
8,6,2686.42
20,2,746.81
78,4,1259.56
1,34,31833.68
164,2,508.8
307,2,417.27
219,1,203.86999999999998
39,8,7330.8
22,2,681.41
115,3,653.38
126,5,2097.84
5,13,2633.85
36,1,263.92
4,15,31906.82
1,3,1031.41
333,3,2184.42
163,1,32.65
185,2,771.85
16,5,1214.72
12,3,778.94
3,7,1258.06
44,2,778.0
80,1,507.84
30,7,6893.42
42,2,463.46000000000004
11,12,4226.57
50,3,598.83
16,6,1979.37
46,2,698.41
19,2,759.17
8,6,5037.26
72,1,100.8
1,28,17256.85
128,3,524.9200000000001
33,2,265.76
313,1,403.3
18,2,365.76
88,1,303.15999999999997
2,7,2373.82
2,2,216.29999999999998
254,1,388.45000000000005
157,3,186.42000000000002
37,6,2248.56
220,1,534.24
148,3,2940.04
177,2,120.9
40,2,541.53
2,7,2519.21
8,46,194390.79
1,7,1721.4
18,2,486.71999999999997
192,4,517.53
204,1,131.7
365,1,249.86
127,5,1737.7
15,1,316.5
43,2,657.3
94,6,622.4300000000001
23,3,735.82
60,2,675.69
16,5,1875.86
158,1,289.96000000000004
10,2,763.28
10,2,137.0
16,5,1870.97
45,5,1125.07
191,3,697.54
79,1,194.37
78,1,511.82
4,4,1255.59
65,3,414.04
261,1,396.87
59,2,376.64
1,7,2092.32
1,10,3558.87
248,1,374.57
8,2,497.56
359,1,271.05
76,1,272.22
290,1,622.88
17,3,1138.0
221,2,288.6
9,4,689.1
3,2,558.96
206,9,2997.0299999999997
162,2,1145.84
76,1,302.2
262,2,605.58
281,1,387.31
58,8,6083.64
25,1,308.48
3,31,91062.38
29,10,2924.9900000000002
72,1,513.2
128,1,208.65
31,4,639.02
15,5,764.88
309,1,153.94
17,6,1844.02
54,1,546.81
30,3,723.2099999999999
2,5,1070.71
11,4,652.74
361,1,145.0
360,1,422.70000000000005
5,4,1195.8999999999999
54,4,939.37
1,8,3628.5
1,10,2367.12
190,1,296.7
54,1,223.36
280,1,164.4
177,1,76.5
30,2,887.67
26,1,98.42
25,2,578.9
270,1,170.75
43,3,642.32
234,1,103.3
24,2,148.86
197,3,267.16
359,1,290.34
60,4,930.41
130,1,1487.6
1,5,1952.45
20,2,480.31
206,1,157.9
14,3,541.46
95,4,854.95
19,1,165.12
14,7,1122.38
24,3,454.01
8,2,869.77
7,8,4331.48
332,1,344.14
50,4,1425.67
71,4,226.75000000000003
29,3,380.6
243,1,185.65
8,19,3564.83
218,1,143.45999999999998
5,3,448.90000000000003
253,3,215.72
1,25,11025.24
236,1,175.27
7,2,1242.3
109,4,1116.68
100,3,1240.2
60,4,2404.17
2,3,1468.02
73,7,2203.67
4,5,3923.86
85,2,993.18
12,2,386.69
23,7,2806.69
214,1,2044.3700000000001
18,1,161.67000000000002
239,1,116.00999999999999
2,6,5054.42
78,1,394.72
217,2,309.36
33,2,191.99
41,5,1105.78
7,15,3961.12
53,6,2048.45
23,14,4544.55
57,1,386.32
130,3,329.6
174,3,571.1999999999999
6,3,930.28
312,1,214.37
60,1,81.44
21,3,1379.9
33,1,527.0500000000001
15,2,843.48
18,4,2020.4
81,1,75.75
6,8,1814.12
170,2,503.59999999999997
2,3,528.33
31,4,1324.84
36,9,2358.59
19,1,285.56
31,2,547.0600000000001
276,1,108.5
87,1,621.66
120,2,712.29
373,1,101.55
1,11,2895.64
219,3,1008.39
65,1,133.06
61,4,1797.5
138,1,868.49
21,1,166.08
12,10,3945.0
25,12,4867.72
37,4,1207.56
277,1,117.55
11,7,2638.94
73,5,1674.69
26,2,595.42
17,12,2999.46
141,1,178.75
26,7,1802.91
19,2,604.64
4,2,728.16
66,5,2055.51
1,2,347.75
43,7,3406.7200000000003
228,1,205.7
16,4,1572.71
50,2,3178.17
2,6,1594.97
74,2,551.04
1,31,20374.28
4,6,1371.18
2,30,16345.38
264,1,298.11
53,2,1992.1100000000001
24,1,184.4
10,6,2474.33
44,1,239.41
17,7,3155.83
7,7,5739.46
30,15,4726.8
358,2,290.40000000000003
127,4,740.9399999999999
137,1,200.47
142,1,283.12
132,2,765.34
38,8,2285.71
236,1,338.95
261,1,154.95
17,4,2534.64
253,1,417.95
30,4,1824.37
35,3,798.74
169,2,885.19
3,9,1823.52
4,17,10504.49
185,2,152.4
188,2,263.33
170,1,137.45
11,2,385.1
45,1,522.91
321,1,153.0
201,1,326.4
23,11,5655.99
232,1,139.35
38,15,5396.04
26,4,1195.94
96,4,2424.04
127,6,3276.4000000000005
71,3,1033.0
16,11,3439.08
15,1,1060.25
4,3,2876.01
3,13,5298.4800000000005
79,4,1240.11
373,1,303.97
39,2,692.19
54,3,700.63
2,19,13110.02
9,3,377.44
9,2,168.24
19,4,1879.05
12,7,2791.35
113,2,355.11
4,6,2322.4
240,1,110.25
113,1,71.4
178,2,674.52
5,9,1710.45
359,1,80.64
1,5,1664.65
1,30,5593.39
19,8,3408.2000000000003
17,3,819.96
22,2,287.59
33,1,712.78
263,1,15.0
51,2,772.55
159,3,367.63
15,1,271.2
8,3,2081.9
13,10,3957.43
199,5,1143.27
57,2,245.81
11,2,173.45
97,4,1213.73
255,1,56.4
25,3,647.56
21,3,650.32
159,2,188.02
72,2,283.47
53,1,131.94
85,2,266.85
153,4,1817.54
74,2,1117.9
281,1,225.9
27,14,1964.3
30,1,106.1
25,1,300.34
180,2,342.83
40,4,690.0
22,3,780.43
22,10,3039.17
37,9,1187.21
82,3,1285.04
74,1,512.31
11,1,546.04
16,12,5411.91
4,39,7761.82
13,4,699.81
14,5,1698.07
37,4,36.56
4,3,387.68
72,7,3704.87
51,1,298.4
5,5,1987.33
23,4,1820.09
299,1,889.24
2,3,398.7
33,1,35.400000000000006
50,1,155.37
3,3,342.24
47,1,110.21000000000001
42,8,1541.23
27,5,2720.8
42,1,318.15
2,124,40519.84
303,1,205.48
107,1,51.559999999999995
85,1,2033.1
81,9,901.1999999999999
218,4,605.8000000000001
372,34,5391.21
12,2,114.34
185,2,311.26
373,1,208.97
2,4,1418.03
4,23,26879.04
6,12,5140.66
305,1,141.92000000000002
369,1,226.45000000000002
3,8,2097.88
324,1,330.9
59,6,3160.0
13,3,554.85
31,20,10526.32
143,1,329.65
30,6,1157.8700000000001
107,5,428.18
2,12,1865.89
205,1,155.9
80,5,1848.96
185,6,683.46
170,1,237.61
44,1,379.45
174,1,178.51999999999998
365,1,458.92
304,1,133.35000000000002
3,4,664.34
4,4,695.0699999999999
12,1,156.34
32,3,869.28
129,1,111.35
21,8,716.0
212,2,201.37
323,2,586.89
162,1,203.85999999999999
56,3,244.1
225,1,107.21
72,8,1118.96
44,1,95.45
23,1,256.32
173,3,541.8100000000001
85,2,152.06
159,1,154.55
190,2,112.19999999999999
29,1,110.38
21,1,181.07
71,4,798.99
247,1,72.9
374,1,232.03
9,1,366.23
310,5,310.06
59,2,408.65
4,1,329.36
45,3,335.03
88,1,1304.04
4,17,4119.5
64,4,820.23
282,1,207.50000000000003
12,7,2962.5
373,1,244.08
133,2,397.29
45,2,212.54
11,4,843.0
36,5,1740.48
134,2,408.36
29,3,1331.57
52,2,704.25
138,2,145.79
5,1,380.13
9,7,4301.22
160,1,99.14
49,10,4020.04
131,1,304.56
8,1,77.50000000000001
233,2,149.57999999999998
37,1,176.68
147,1,358.56000000000006
1,45,58510.48
72,3,482.2
40,3,1008.5400000000001
5,12,2314.13
199,4,557.3
249,1,12.75
66,1,111.68
117,1,508.4599999999999
171,1,73.78
21,39,1296.44
142,1,102.41
32,2,463.21
38,14,2599.19
38,5,1098.43
372,1,112.27
374,1,265.1
166,2,228.2
211,1,562.79
242,1,135.19
52,1,337.04
25,3,703.99
15,13,4483.26
372,1,321.79
29,1,288.14
365,1,300.91999999999996
36,4,732.41
166,3,811.45
145,1,152.68
22,1,631.35
56,1,20.8
185,1,198.57
12,7,201.12
237,3,630.84
225,2,93.35
122,4,674.89
282,1,76.1
74,8,1962.46
37,2,380.39
12,2,415.13
362,1,157.92
4,2,226.47
23,1,444.68
70,9,2116.19
235,1,247.39
257,1,174.8
373,1,102.78999999999999
155,2,187.29
28,1,162.22
4,1,120.03
32,5,1477.66
81,3,523.0
108,2,122.14
52,1,38.45
36,1,612.72
153,2,389.78
99,1,115.31
4,2,230.64999999999998
334,1,73.5
65,1,93.82000000000001
22,2,418.68
36,3,713.89
32,3,403.12
154,6,70.02
19,2,357.20000000000005
12,21,4097.37
54,1,165.04999999999998
25,3,529.29
4,10,2088.6
45,1,178.34
203,2,172.29000000000002
359,1,74.4
71,1,300.02
7,10,6761.34
288,1,363.65
10,1,170.16
23,3,306.46
22,10,2119.41
173,3,720.52
133,2,814.0
6,14,2392.83
75,1,318.0
40,1,396.33
289,1,101.69999999999999
26,5,2009.24
258,2,453.0
186,1,247.44
114,12,3859.82
374,1,489.6
23,10,2611.75
8,11,2584.41
217,2,336.13
45,4,3613.15
19,2,1231.5
36,3,343.45
26,1,680.84
16,1,90.47999999999999
330,2,689.95
274,1,101.34
98,2,4055.7199999999993
61,1,166.03
2,11,9068.26
93,4,2106.52
82,7,3017.3
313,2,580.0500000000001
12,3,849.06
8,6,2662.4
127,1,168.31
11,2,222.4
1,60,259657.3
37,1,754.64
38,1,113.48000000000002
330,1,421.9
254,1,271.0
2,26,8004.92
20,1,198.8
12,2,352.69
369,1,76.32000000000001
290,1,220.1
68,8,1403.1100000000001
26,1,315.65
11,26,5625.08
368,1,180.7
214,1,111.15
149,2,653.3
8,6,1793.06
24,2,574.4399999999999
30,4,1131.75
61,1,200.92000000000002
19,3,347.08
243,1,112.55000000000001
15,3,1059.39
212,1,931.4999999999999
29,5,681.9100000000001
63,3,784.33
295,1,152.65
18,6,8438.34
157,2,1019.52
117,2,1000.16
8,12,2888.75
13,4,2861.55
141,2,160.35000000000002
46,2,179.33999999999997
51,3,612.0799999999999
32,3,566.58
135,2,653.35
3,2,399.19
75,3,371.62
13,2,675.64
9,2,453.4
301,1,530.15
57,2,638.0600000000001
15,5,1618.69
37,1,399.65000000000003
177,1,302.46000000000004
23,3,1384.8600000000001
176,6,1160.04
61,1,202.65
33,3,980.31
59,5,1231.31
15,20,7561.68
87,4,2106.84
7,1,104.0
358,1,476.35
31,6,1340.8700000000001
129,4,1590.81
9,6,1793.17
5,6,1843.75
24,1,366.85
227,2,632.07
15,1,49.8
249,1,304.25
15,3,2001.04
78,2,1090.24
192,2,284.46000000000004
262,1,207.79999999999998
72,1,957.97
165,1,243.76
82,1,973.8399999999999
95,2,686.63
4,17,5425.56
106,1,150.35
200,3,1396.99
157,1,160.42000000000002
71,3,1975.35
36,2,517.36
29,1,139.10000000000002
2,6,2621.38
26,5,600.07
326,1,216.07
237,1,232.48000000000002
89,1,299.34000000000003
31,1,481.75
29,2,621.75
211,2,641.92
3,10,2069.77
227,1,305.28000000000003
22,5,1041.61
93,1,443.0
5,14,6484.54
264,1,158.95000000000002
3,12,5504.96
44,11,5228.05
218,1,93.75
57,2,779.9
12,20,7276.900000000001
9,7,2810.2000000000003
192,5,2071.77
82,4,592.97
326,1,440.0
72,3,1796.48
30,6,882.24
3,5,987.1
219,5,1561.6100000000001
46,1,422.58
10,17,2073.09
72,4,2232.4900000000002
7,7,2567.06
24,2,596.1
123,2,804.02
17,1,95.34
310,1,349.27
87,1,4314.72
51,2,518.27
89,1,103.3
39,8,2337.63
25,3,2338.6000000000004
173,6,2628.35
43,2,324.24
140,1,149.48
26,3,1213.1599999999999
72,2,801.51
134,1,25.5
366,1,168.6
38,2,283.15
3,6,3078.58
2,3,204.0
30,1,175.92
44,1,335.86
58,1,110.38
74,1,173.9
278,1,180.60000000000002
181,1,80.82
8,2,178.05
4,16,2045.53
43,3,1837.28
